"Status","Start Time","Stop Time","Duration in ms","Parent Suite","Suite","Sub Suite","Test Class","Test Method","Name","Description"
"passed","Fri Aug 30 20:28:40 CST 2019","Fri Aug 30 20:28:40 CST 2019","169","","test","","","","test_1[c6e19cca12b8052cdac98f143706112c-]",""
"passed","Fri Aug 30 20:28:39 CST 2019","Fri Aug 30 20:28:39 CST 2019","170","","test","","","","test_1[c6e19cca12b8052cdac98f143706112c-聚]",""
"passed","Fri Aug 30 20:28:39 CST 2019","Fri Aug 30 20:28:39 CST 2019","132","","test","","","","test_1[c6e19cca12b8052cdac98f143706112c-@#$%^&]",""
"passed","Fri Aug 30 20:28:40 CST 2019","Fri Aug 30 20:28:40 CST 2019","115","","test","","","","test_1[-]",""
"passed","Fri Aug 30 20:28:39 CST 2019","Fri Aug 30 20:28:40 CST 2019","166","","test","","","","test_1[c6e19cca12b8052cdac98f143706112c-qwertui]",""
"passed","Fri Aug 30 20:28:39 CST 2019","Fri Aug 30 20:28:39 CST 2019","225","","test","","","","test_1[c6e19cca12b8052cdac98f143706112c-234567]",""
"passed","Fri Aug 30 20:28:40 CST 2019","Fri Aug 30 20:28:40 CST 2019","138","","test","","","","test_1[c6e19cca12b8052cdac98f143706112c-怎么才能凑够三十二个字符呢，这样不就好了嘛，你随意写一些补救够了]",""
"passed","Fri Aug 30 20:28:40 CST 2019","Fri Aug 30 20:28:40 CST 2019","162","","test","","","","test_1[c6e19cca12b8052cdac98f143706112c-125qw@ QWE';;;T鼎折覆餗]",""
"passed","Fri Aug 30 20:28:40 CST 2019","Fri Aug 30 20:28:41 CST 2019","157","","test","","","","test_1[c6e19cca12b8052cdac98f143706112c-怎么才能凑够三十二个字符呢，这样不就好了嘛，你随意写一些补救够了的]",""
"passed","Fri Aug 30 20:28:41 CST 2019","Fri Aug 30 20:28:41 CST 2019","152","","test","","","","test_1[-聚]",""
"passed","Fri Aug 30 20:28:40 CST 2019","Fri Aug 30 20:28:40 CST 2019","147","","test","","","","test_1[c6e19cca12b8052cdac98f143706112-怎么才能凑够三十二个字符呢，这样不就好了嘛，你随意写一些补救够了]",""
